,City,Cloudiness,Country,Date,Humidity,Lat,Lng,Max Temp,Wind Speed
0,tautira,40,PF,1557708781,66,-17.73,-149.15,87.8,18.34
1,new norfolk,75,AU,1557709275,45,-42.78,147.06,64.0,20.8
2,jamestown,0,AU,1557709277,53,-33.21,138.6,59.32,10.09
3,bikin,0,RU,1557709278,45,46.82,134.25,64.54,11.95
4,broome,2,GB,1557709275,93,52.47,1.45,46.99,2.24
5,ileza,95,RU,1557709281,74,61.05,43.9,55.36,5.39
6,inongo,100,CD,1557709282,98,-1.93,18.29,73.0,2.84
7,ushuaia,40,AR,1557705600,65,-54.81,-68.31,41.0,9.17
8,saint-philippe,1,CA,1557709273,43,45.36,-73.48,57.99,5.82
9,klaksvik,77,FO,1557708600,81,62.23,-6.59,44.6,18.34
10,itoman,20,JP,1557708786,69,26.12,127.67,78.8,10.29
11,carnarvon,17,ZA,1557709288,37,-30.97,22.13,64.0,7.05
12,partizanskoye,83,UA,1557709289,93,44.83,34.08,52.12,3.0
13,lavrentiya,1,RU,1557709290,82,65.58,-170.99,24.94,4.92
14,seoul,75,KR,1557708600,63,37.57,126.98,69.8,2.24
15,leningradskiy,2,RU,1557709293,86,69.38,178.42,20.8,13.24
16,torbay,90,CA,1557708801,93,47.66,-52.73,37.0,24.16
17,puerto ayora,20,EC,1557708367,83,-0.74,-90.35,78.8,14.99
18,rusape,1,ZW,1557709296,94,-18.53,32.12,50.32,2.08
19,hisua,0,IN,1557705600,47,24.84,85.42,80.6,2.24
20,lebu,98,ET,1557705600,46,8.96,38.73,69.8,4.7
21,rikitea,75,PF,1557709300,78,-23.12,-134.97,77.5,12.75
22,mataura,71,NZ,1557709209,79,-46.19,168.86,50.0,11.99
23,bahile,20,PH,1557705600,70,10.0,118.79,84.2,4.7
24,port elizabeth,100,US,1557709300,93,39.31,-74.98,50.0,14.99
25,khatanga,65,RU,1557709305,94,71.98,102.47,15.76,9.78
26,butaritari,100,KI,1557709306,78,3.07,172.79,83.98,8.32
27,banda aceh,70,ID,1557709307,77,5.56,95.32,83.44,11.18
28,ponta do sol,87,BR,1557709308,93,-20.63,-46.0,67.42,1.54
29,lompoc,75,US,1557709213,72,34.64,-120.46,71.01,12.75
30,punta arenas,90,CL,1557708786,80,-53.16,-70.91,39.2,51.67
31,hilo,90,US,1557708982,58,19.71,-155.08,82.4,14.99
32,toma,20,JP,1557705600,66,43.82,142.6,51.8,2.24
33,atuona,3,PF,1557709314,73,-9.8,-139.03,83.26,14.36
34,pacific grove,1,US,1557709310,56,36.62,-121.92,77.0,16.11
35,touros,40,BR,1557705600,88,-5.2,-35.46,78.8,4.7
36,hermanus,85,ZA,1557709286,85,-34.42,19.24,57.0,15.64
37,tiksi,78,RU,1557709319,92,71.64,128.87,24.76,10.31
38,kapaa,20,US,1557709224,65,22.08,-159.32,86.0,13.87
39,pevek,1,RU,1557709322,82,69.7,170.27,23.14,22.57
40,hobyo,100,SO,1557709323,74,5.35,48.53,82.54,12.33
41,pahrump,1,US,1557709204,12,36.21,-115.98,89.01,5.91
42,bluff,42,AU,1557709325,59,-23.58,149.07,72.64,21.32
43,ahuimanu,75,US,1557709305,65,21.44,-157.84,86.0,10.29
44,souillac,0,FR,1557709237,66,45.6,-0.6,52.0,10.29
45,strezhevoy,90,RU,1557707400,68,60.73,77.6,30.2,8.95
46,busselton,96,AU,1557709238,76,-33.64,115.35,53.01,4.94
47,qaanaaq,100,GL,1557709331,80,77.48,-69.36,26.02,2.82
48,pandan,46,PH,1557709333,71,11.72,122.09,84.52,2.93
49,guerrero negro,0,MX,1557709334,78,27.97,-114.04,66.34,11.99
50,balabac,11,PH,1557709335,69,7.99,117.06,84.88,4.07
51,bahia blanca,0,AR,1557709336,52,-38.72,-62.27,64.18,9.37
52,kanniyakumari,3,IN,1557709337,81,8.08,77.57,83.44,19.62
53,kruisfontein,85,ZA,1557709339,96,-34.0,24.73,59.14,5.19
54,san patricio,85,PY,1557709340,86,-26.98,-56.83,61.48,5.64
55,xam nua,94,LA,1557709341,91,20.42,104.04,70.48,1.57
56,avarua,1,CK,1557707400,69,-21.21,-159.78,82.4,6.93
57,husavik,95,CA,1557709271,23,50.56,-96.99,64.0,2.39
58,nalut,0,LY,1557709344,45,31.86,10.98,63.28,24.0
59,hobart,75,AU,1557709335,45,-42.88,147.33,64.0,20.8
60,guangzhou,75,CN,1557709011,65,23.13,113.26,84.99,2.24
61,derzhavinsk,17,KZ,1557709348,44,51.1,66.31,62.38,8.1
62,kangaatsiaq,0,GL,1557709349,64,68.31,-53.46,37.9,17.76
63,misratah,41,LY,1557709175,68,32.38,15.09,65.98,22.17
64,palivere,90,EE,1557709203,100,58.97,23.89,44.01,4.7
65,mayskiy,75,RU,1557707400,93,43.63,44.06,57.2,6.71
66,rawson,88,AR,1557709354,33,-43.3,-65.11,59.68,25.1
67,arraial do cabo,20,BR,1557705600,83,-22.97,-42.02,73.4,2.08
68,castro,23,CL,1557705600,81,-42.48,-73.76,46.4,6.93
69,port alfred,51,ZA,1557709060,94,-33.59,26.89,63.0,4.0
70,cape town,0,ZA,1557709054,77,-33.93,18.42,64.99,14.99
71,abu samrah,0,SY,1557709361,36,35.3,37.18,68.32,3.15
72,tasiilaq,32,GL,1557705000,34,65.61,-37.64,37.4,18.34
73,huangpi,61,CN,1557705600,43,30.88,114.37,71.6,13.42
74,broken hill,0,AU,1557705600,62,-31.97,141.45,57.2,11.41
75,sistranda,75,NO,1557708648,86,63.73,8.83,41.0,16.11
76,bambous virieux,66,MU,1557709144,83,-20.34,57.76,71.01,1.3
77,kamaishi,20,JP,1557705600,47,39.28,141.86,57.2,2.24
78,peniche,0,PT,1557709287,25,39.36,-9.38,77.0,5.82
79,vaini,20,IN,1557705600,83,15.34,74.49,71.6,5.82
80,ribeira grande,1,PT,1557709371,73,38.52,-28.7,62.2,14.45
81,kulgam,100,IN,1557709372,86,33.65,75.01,41.14,3.62
82,chuy,0,UY,1557709297,68,-33.69,-53.46,62.38,4.83
83,cambridge,14,GB,1557709284,93,52.2,0.12,45.0,2.24
84,umm lajj,0,SA,1557709376,52,25.02,37.27,81.1,8.12
85,te anau,68,NZ,1557709377,74,-45.41,167.72,42.4,5.14
86,mar del plata,0,AR,1557709379,39,-46.43,-67.52,49.42,33.6
87,nakhon nayok,96,TH,1557709377,85,14.2,101.21,82.0,4.21
88,srednekolymsk,100,RU,1557709381,70,67.46,153.71,27.1,18.45
89,sur,6,OM,1557709382,30,22.57,59.53,88.66,11.88
90,vieques,75,PR,1557709286,78,18.43,-65.83,82.4,10.29
91,santa maria,75,BR,1557705600,93,-29.69,-53.81,57.2,2.24
92,albany,90,US,1557709204,93,42.65,-73.75,45.0,4.7
93,kavieng,59,PG,1557709388,70,-2.57,150.8,84.7,7.16
94,saint-augustin,0,FR,1557709389,57,44.83,-0.61,53.01,6.93
95,longyearbyen,75,NO,1557708600,64,78.22,15.63,33.8,25.28
96,carutapera,100,BR,1557709153,96,-1.2,-46.02,75.7,1.99
97,whitehorse,75,CA,1557709366,19,60.72,-135.06,57.2,9.17
98,kodiak,1,US,1557709341,43,39.95,-94.76,59.0,4.7
99,bonavista,93,CA,1557709355,87,48.65,-53.11,35.01,14.0
100,mount gambier,90,AU,1557705600,67,-37.83,140.78,57.2,12.75
101,fenyi,67,CN,1557709398,86,27.82,114.69,72.82,3.0
102,santana do matos,100,BR,1557709399,81,-5.95,-36.65,77.32,10.38
103,kuryk,0,KZ,1557709401,70,43.18,51.68,64.9,7.31
104,dikson,29,RU,1557709402,91,73.51,80.55,21.88,14.09
105,fairbanks,75,US,1557709283,28,64.84,-147.72,59.0,3.91
106,araouane,0,ML,1557709404,6,18.9,-3.53,88.48,5.79
107,faanui,71,PF,1557709405,75,-16.48,-151.75,83.8,10.11
108,padang,20,ID,1557703800,94,-0.92,100.36,77.0,3.36
109,hasaki,75,JP,1557708942,72,35.73,140.83,66.0,8.05
110,bredasdorp,98,ZA,1557709409,93,-34.53,20.04,62.92,3.09
111,vila franca do campo,20,PT,1557709183,82,37.72,-25.43,59.0,3.36
112,komsomolskiy,38,RU,1557709411,84,67.55,63.78,16.12,9.17
113,thompson,75,CA,1557705600,47,55.74,-97.86,57.2,5.82
114,suntar,64,RU,1557709414,51,62.16,117.65,49.96,5.48
115,tuktoyaktuk,75,CA,1557705600,98,69.44,-133.03,32.0,4.7
116,norman wells,75,CA,1557705600,84,65.28,-126.83,57.2,16.11
117,sao joao da barra,8,BR,1557709288,91,-21.64,-41.05,71.38,2.48
118,chokurdakh,50,RU,1557709418,93,70.62,147.9,14.86,6.82
119,contamana,64,PE,1557709420,62,-7.35,-75.01,80.2,2.64
120,cap-aux-meules,20,CA,1557705600,88,47.38,-61.86,35.6,9.17
121,yellowknife,75,CA,1557709159,69,62.45,-114.38,44.6,12.75
122,pangnirtung,33,CA,1557709423,84,66.15,-65.72,31.6,1.39
123,pleshanovo,2,RU,1557705600,87,57.46,28.17,48.2,4.18
124,severo-kurilsk,62,RU,1557709426,73,50.68,156.12,37.9,2.42
125,bacolod,41,PH,1557709427,72,10.68,122.95,84.34,4.52
126,ormara,0,PK,1557709428,51,25.21,64.64,81.46,5.61
127,khao wong,20,TH,1557709375,88,16.69,104.09,84.0,4.7
128,cayenne,0,GF,1557707400,88,4.94,-52.33,77.0,6.89
129,samarai,100,PG,1557709432,97,-10.62,150.67,73.36,4.32
130,cravo norte,75,CO,1557709433,89,6.3,-70.2,77.86,6.38
131,bilibino,95,RU,1557709434,93,68.06,166.44,18.64,15.88
132,nanortalik,100,GL,1557709435,56,60.14,-45.24,40.42,9.91
133,lagoa,0,PT,1557709436,60,37.14,-8.45,70.0,6.93
134,walvis bay,0,NA,1557705600,59,-22.95,14.51,62.6,5.82
135,san juan,75,PR,1557708943,78,18.47,-66.12,82.4,10.29
136,ponta delgada,20,PT,1557709423,82,37.73,-25.67,59.0,3.36
137,coquimbo,0,CL,1557708628,82,-29.95,-71.34,60.01,9.98
138,pascagoula,90,US,1557709231,100,30.37,-88.56,78.8,4.23
139,lorengau,99,PG,1557709447,81,-2.02,147.27,83.62,8.25
140,mbeya,9,TZ,1557709448,98,-8.91,33.47,58.24,5.28
141,ambulu,8,ID,1557709450,81,-8.35,113.61,77.68,5.68
142,pisco,75,PE,1557709253,82,-13.71,-76.2,66.2,12.75
143,sangmelima,100,CM,1557709452,97,2.93,11.98,68.86,0.92
144,juarez,0,AR,1557705600,42,-38.95,-67.92,68.0,16.11
145,bati,69,ET,1557709454,35,11.19,40.02,71.56,5.3
146,nikolskoye,0,RU,1557709393,93,59.7,30.79,48.99,1.92
147,bermeo,66,ES,1557709422,93,43.42,-2.72,51.01,3.36
148,deputatskiy,96,RU,1557709458,86,69.3,139.9,19.36,3.74
149,east london,95,ZA,1557709421,51,-33.02,27.91,63.28,6.71
150,shingu,40,JP,1557705600,60,33.72,135.99,71.6,3.36
151,havelock,1,US,1557709433,88,34.88,-76.9,73.99,6.93
152,vila velha,0,BR,1557709200,78,-3.71,-38.6,82.4,6.93
153,puerto colombia,40,CO,1557709264,83,10.99,-74.96,82.4,8.05
154,tessaoua,72,NE,1557709465,12,13.76,7.99,95.32,7.07
155,geraldton,40,CA,1557705600,37,49.72,-86.95,53.6,10.29
156,fort nelson,75,CA,1557705600,28,58.81,-122.69,59.0,18.34
157,port hedland,0,AU,1557707400,24,-20.31,118.58,71.6,12.75
158,saskylakh,83,RU,1557709470,92,71.97,114.09,20.8,9.71
159,plettenberg bay,73,ZA,1557709471,95,-34.05,23.37,58.96,2.44
160,port augusta,1,AU,1557709398,82,-32.49,137.76,57.2,4.7
161,barrow,0,AR,1557709474,54,-38.31,-60.23,61.3,7.43
162,seydi,100,NE,1557709475,15,13.34,7.75,93.7,7.96
163,taungdwingyi,86,MM,1557709476,66,20.0,95.55,86.5,8.34
164,raudeberg,59,NO,1557709200,93,61.99,5.14,41.0,21.92
165,placerville,5,US,1557709444,39,38.73,-120.8,86.0,6.93
166,matara,45,PE,1557709480,89,-13.74,-72.9,36.64,4.61
167,mandalgovi,0,MN,1557709481,51,45.76,106.27,40.78,8.41
168,honningsvag,99,NO,1557709482,96,70.98,25.97,38.44,7.7
169,saint george,75,GR,1557705000,93,39.45,22.34,60.8,4.7
170,almaznyy,0,RU,1557707400,93,48.03,40.04,50.0,4.47
171,baykit,72,RU,1557709486,83,61.68,96.39,28.72,6.53
172,adrar,26,DZ,1557705600,6,27.87,-0.29,93.2,17.22
173,sorland,100,NO,1557709358,68,67.67,12.69,40.24,18.3
174,macau,99,BR,1557709218,82,-5.11,-36.64,78.94,14.74
175,wasilla,1,US,1557709425,43,61.58,-149.44,53.6,3.36
176,suez,0,EG,1557709492,29,29.97,32.54,74.44,3.78
177,maragogi,100,BR,1557709281,93,-9.01,-35.22,75.52,1.83
178,upernavik,98,GL,1557709494,77,72.79,-56.15,32.32,7.83
179,bonthe,100,SL,1557709496,80,7.53,-12.5,82.9,6.53
180,kieta,60,PG,1557709497,68,-6.22,155.63,84.52,5.77
181,izvoarele,17,RO,1557709498,84,45.55,27.77,54.82,1.28
182,berdigestyakh,64,RU,1557709499,47,62.1,126.7,51.22,7.14
183,marsa matruh,75,EG,1557705600,77,31.35,27.25,66.2,9.17
184,comodoro rivadavia,0,AR,1557705600,47,-45.87,-67.48,53.6,33.33
185,salekhard,14,RU,1557709503,91,66.54,66.62,15.94,5.64
186,gejiu,97,CN,1557709504,88,23.36,103.16,64.9,5.17
187,nuuk,0,GL,1557705000,48,64.17,-51.74,41.0,10.29
188,cabo san lucas,5,MX,1557709328,46,22.89,-109.91,77.0,16.11
189,zaozerne,99,UA,1557709508,86,51.37,23.94,52.12,2.44
190,rio viejo,0,EC,1557709259,78,-2.26,-79.51,80.6,5.82
191,rafai,99,CF,1557709510,95,4.95,23.92,70.48,2.44
192,codrington,90,AU,1557709294,82,-28.95,153.24,73.99,4.7
193,flinders,0,AU,1557709445,51,-34.58,150.85,69.01,9.17
194,wageningen,31,NL,1557709513,86,51.98,5.66,46.0,3.36
195,cadillac,90,US,1557709283,57,44.25,-85.4,51.01,10.29
196,jinchang,0,CN,1557709516,29,38.52,102.19,51.58,5.19
197,kloulklubed,75,PW,1557708600,74,7.04,134.26,86.0,8.05
198,praia,0,BR,1557705600,77,-20.25,-43.81,69.8,3.36
199,ambon,0,FR,1557709516,81,47.55,-2.56,54.0,9.17
200,mackenzie,1,CA,1557705600,16,55.34,-123.09,62.6,3.36
201,birao,65,CF,1557709522,25,10.3,22.78,83.26,3.24
202,labuhan,41,ID,1557709523,71,-2.54,115.51,82.54,1.43
203,bethel,90,US,1557705360,57,60.79,-161.76,50.0,13.87
204,aklavik,75,CA,1557705600,99,68.22,-135.01,50.0,5.82
205,oranjemund,16,ZA,1557709527,91,-28.55,16.43,59.32,13.31
206,san andres,53,PH,1557709529,67,13.32,122.68,86.32,3.2
207,beringovskiy,74,RU,1557709530,84,63.05,179.32,35.02,9.42
208,staraya kulatka,46,RU,1557709531,71,52.73,47.62,62.74,4.68
209,iwanai,6,JP,1557709533,53,42.97,140.51,56.98,1.59
210,vardo,90,US,1557709531,93,39.62,-77.74,52.0,5.82
211,balkanabat,0,TM,1557709535,42,39.51,54.36,76.24,9.46
212,oistins,40,BB,1557705600,74,13.07,-59.53,80.6,14.99
213,blagoyevo,94,RU,1557709537,73,63.37,47.92,56.44,7.0
214,beipiao,0,CN,1557709539,35,41.8,120.76,50.5,16.53
215,qinhuangdao,0,CN,1557709540,26,39.94,119.59,57.7,14.36
216,hithadhoo,46,MV,1557709541,71,-0.6,73.08,85.24,4.94
217,adolfo lopez mateos,0,MX,1557709377,46,26.8,-109.39,78.01,8.01
218,isangel,75,VU,1557705600,66,-19.55,169.27,84.2,9.17
219,crossville,90,US,1557709398,87,35.95,-85.03,66.0,5.82
220,kedrovyy,0,RU,1557707400,67,56.17,91.82,32.0,4.47
221,sao filipe,0,CV,1557709547,79,14.9,-24.5,74.44,16.08
222,makakilo city,75,US,1557709527,65,21.35,-158.09,84.0,10.29
223,portland,75,US,1557709456,38,45.52,-122.67,75.2,8.05
224,inhambane,0,MZ,1557709551,93,-23.87,35.38,59.14,2.84
225,along,100,IN,1557709552,93,28.17,94.8,53.74,3.36
226,selkirk,75,CA,1557709504,27,50.15,-96.88,64.0,2.24
227,namibe,0,AO,1557709554,79,-15.19,12.15,74.62,0.76
228,izhma,98,RU,1557709556,83,65.01,53.91,50.32,5.77
229,narsaq,84,GL,1557705000,24,60.91,-46.05,44.6,41.38
230,salalah,40,OM,1557705000,74,17.01,54.1,82.4,5.82
231,loandjili,83,CG,1557709559,90,-4.77,11.87,80.02,5.61
232,meulaboh,100,ID,1557709560,82,4.14,96.13,80.38,8.5
233,bayan,0,MN,1557709562,79,47.25,107.54,35.38,2.8
234,pokhara,22,NP,1557709563,44,28.21,83.99,49.6,4.99
235,abha,0,SA,1557705600,39,18.22,42.5,69.8,8.99
236,okha,14,RU,1557709565,56,53.59,142.95,46.9,13.4
237,rondonopolis,1,BR,1557709567,94,-16.46,-54.64,72.82,4.18
238,siedlce,64,PL,1557709469,81,52.17,22.28,52.0,11.99
239,luderitz,0,NA,1557705600,82,-26.65,15.16,57.2,2.24
240,savinka,100,RU,1557709570,52,50.08,47.1,69.04,9.06
241,port blair,40,IN,1557705600,94,11.67,92.75,80.6,1.12
242,kaitangata,29,NZ,1557709449,54,-46.28,169.85,51.01,20.0
243,sobolevo,87,RU,1557709574,88,54.43,31.9,51.04,2.98
244,miri,64,NG,1557709575,49,10.31,9.75,83.8,4.25
245,preobrazheniye,0,RU,1557709576,42,42.9,133.91,58.6,4.27
246,qaqortoq,84,GL,1557705000,24,60.72,-46.03,44.6,41.38
247,nelson bay,75,AU,1557709287,82,-32.72,152.14,68.0,5.82
248,saldanha,5,PT,1557709580,55,41.42,-6.55,55.18,5.91
249,micheweni,100,TZ,1557709581,83,-4.97,39.83,80.74,18.48
250,borujerd,0,IR,1557705600,61,33.89,48.76,50.0,4.7
251,koster,0,ZA,1557705600,93,-25.86,26.9,50.0,1.12
252,sano,0,JP,1557709413,43,36.31,139.58,72.0,3.0
253,iguape,98,BR,1557709586,95,-24.7,-47.56,71.74,3.47
254,biograd na moru,75,HR,1557709571,62,43.94,15.45,57.2,17.22
255,biu,79,NG,1557709588,42,10.61,12.19,86.68,7.23
256,el fuerte,0,MX,1557709590,43,26.42,-108.62,78.94,17.67
257,buchanan,20,LR,1557705600,94,5.88,-10.05,78.8,8.75
258,atambua,62,ID,1557709592,74,-9.11,124.89,81.64,11.27
259,sumisip,37,PH,1557709593,73,12.51,124.37,83.98,4.88
260,ilulissat,0,GL,1557705000,35,69.22,-51.1,42.8,17.22
261,biltine,4,TD,1557709596,7,14.53,20.93,86.86,7.72
262,sao felix do xingu,99,BR,1557709597,92,-6.64,-51.99,73.18,4.47
263,muros,0,ES,1557709582,67,42.77,-9.06,66.2,4.7
264,milkovo,87,BG,1557709085,93,41.53,24.68,66.0,5.82
265,samana,90,EC,1557709601,93,0.12,-76.97,73.9,1.86
266,nome,1,US,1557709505,64,30.04,-94.42,73.4,4.7
267,bitung,20,ID,1557709200,55,1.44,125.19,91.4,3.36
268,auki,60,NG,1557709604,29,12.18,6.51,93.16,12.12
269,chimbote,80,PE,1557709606,93,-9.08,-78.59,66.88,14.41
270,hokitika,0,NZ,1557709607,55,-42.72,170.96,58.06,15.35
271,malinovskiy,55,RU,1557709608,90,54.15,34.53,50.14,2.77
272,ancud,37,CL,1557705600,81,-41.87,-73.83,46.4,6.93
273,autun,0,FR,1557709440,65,46.95,4.3,44.6,5.82
274,tromso,75,NO,1557708600,80,69.65,18.96,41.0,42.5
275,viedma,21,AR,1557709613,41,-40.81,-62.99,67.6,17.0
276,tokmak,81,UA,1557709614,91,47.26,35.7,55.72,3.33
277,jiaonan,0,CN,1557705600,63,35.88,119.98,64.4,15.66
278,knysna,90,ZA,1557708000,93,-34.04,23.05,57.2,2.24
279,buturlino,100,RU,1557709617,87,55.57,44.9,63.28,8.68
280,healesville,75,AU,1557709618,59,-37.65,145.52,62.01,16.11
281,ulaangom,79,MN,1557709620,47,49.98,92.07,45.82,3.4
282,sinnamary,82,GF,1557709621,80,5.38,-52.96,81.1,13.85
283,itacare,40,BR,1557705600,94,-14.28,-39.0,78.8,4.7
284,millinocket,1,US,1557709504,37,45.66,-68.71,55.4,8.05
285,tuatapere,86,NZ,1557709209,79,-46.13,167.69,50.0,11.99
286,tomatlan,39,MX,1557709626,63,19.93,-105.25,82.18,11.5
287,flin flon,97,CA,1557709627,30,54.77,-101.88,65.98,11.92
288,nola,52,CF,1557709628,90,3.52,16.05,71.56,1.41
289,antofagasta,20,CL,1557705600,76,-23.65,-70.4,57.2,4.7
290,skibbereen,0,IE,1557707400,93,51.55,-9.27,46.4,10.29
291,kirkuk,0,IQ,1557709632,25,35.47,44.4,77.32,10.31
292,shimoda,75,JP,1557709385,77,34.7,138.93,68.0,12.75
293,areosa,0,PT,1557709624,45,41.72,-8.86,71.01,3.36
294,provideniya,90,RU,1557707400,80,64.42,-173.23,30.2,13.42
295,talnakh,4,RU,1557707400,85,69.49,88.39,15.8,24.61
296,north myrtle beach,1,US,1557709625,94,33.83,-78.68,75.2,5.82
297,gusau,60,NG,1557709466,29,12.17,6.66,93.16,12.12
298,pandhurna,37,IN,1557709640,22,21.6,78.53,91.0,8.21
299,barmer,0,IN,1557709641,49,25.74,71.4,84.52,12.84
300,kampot,40,KH,1557707400,88,10.62,104.18,80.6,17.22
301,katsuura,75,JP,1557707984,77,33.93,134.5,69.8,3.36
302,maripi,100,BR,1557709645,97,-1.87,-52.19,75.34,4.12
303,ambilobe,9,MG,1557709646,87,-13.19,49.05,70.84,5.44
304,sitka,0,US,1557709244,43,37.17,-99.65,68.0,1.99
305,cherskiy,12,RU,1557709648,83,68.75,161.3,22.42,22.3
306,damghan,0,IR,1557709650,89,36.17,54.34,49.42,1.3
307,puerto escondido,40,MX,1557704400,74,15.86,-97.07,82.4,10.29
308,oil city,90,US,1557709650,93,41.43,-79.71,51.01,11.41
309,margate,75,AU,1557709639,45,-43.03,147.26,64.0,20.8
310,talaya,0,RU,1557709520,63,55.79,84.89,34.0,2.24
311,snasa,89,NO,1557709656,74,64.25,12.38,34.48,8.32
312,zhezkazgan,0,KZ,1557709657,39,47.8,67.71,62.56,8.12
313,yuryev-polskiy,100,RU,1557709658,87,56.5,39.68,55.9,9.46
314,bathsheba,40,BB,1557705600,74,13.22,-59.52,80.6,14.99
315,ballina,91,IE,1557709625,67,54.11,-9.15,51.01,7.0
316,kuito,0,AO,1557709662,64,-12.38,16.94,57.7,2.89
317,duku,74,NG,1557709663,29,11.24,4.91,97.48,8.32
318,maceio,40,BR,1557709200,88,-9.67,-35.74,75.2,3.36
319,west wendover,1,US,1557705360,12,40.74,-114.07,80.6,11.41
320,haimen,100,CN,1557709662,42,31.87,121.18,82.99,8.25
321,otta,99,NO,1557709668,91,61.77,9.54,20.8,2.95
322,vilyuysk,95,RU,1557709669,85,63.75,121.63,40.24,7.49
323,kunda,57,EE,1557709670,85,59.5,26.52,41.32,3.78
324,sriperumbudur,75,IN,1557707626,89,12.97,79.95,84.2,9.17
325,tilichiki,69,RU,1557709672,46,60.47,166.1,49.24,10.25
326,yuanping,0,CN,1557709674,28,38.72,112.71,42.76,4.65
327,sosnovo-ozerskoye,54,RU,1557709675,21,52.53,111.54,46.54,4.21
328,ankang,98,CN,1557709676,60,32.73,108.99,60.76,2.39
329,iqaluit,75,CA,1557709364,86,63.75,-68.52,33.8,5.82
330,cidreira,16,BR,1557709678,85,-30.17,-50.22,65.62,6.62
331,puertollano,0,ES,1557709530,27,38.69,-4.11,62.01,1.01
332,youghal,0,IE,1557709672,93,51.95,-7.85,50.0,10.29
333,augusto correa,100,BR,1557709682,99,-1.02,-46.63,73.54,1.1
334,batemans bay,0,AU,1557709397,62,-35.71,150.18,62.01,1.99
335,takaka,84,NZ,1557709570,69,-40.86,172.81,64.99,4.0
336,el molino,40,CO,1557705600,66,10.65,-72.92,86.0,2.39
337,navahrudak,32,BY,1557709687,86,53.59,25.82,51.76,2.28
338,muddebihal,100,IN,1557709689,38,16.33,76.13,87.04,14.83
339,bereznik,100,RU,1557709690,75,62.86,42.71,53.02,2.93
340,ashland,90,US,1557709506,82,38.48,-82.64,61.0,4.7
341,rexburg,1,US,1557709503,19,43.82,-111.79,75.2,12.75
342,les trois-ilets,75,MQ,1557709210,78,14.54,-61.04,80.6,12.75
343,hukuntsi,0,BW,1557709695,39,-23.98,21.76,62.92,6.64
344,alfredo chaves,20,BR,1557709445,88,-20.64,-40.75,77.0,4.7
345,markivka,90,UA,1557709697,94,49.52,39.57,50.32,8.12
346,clyde river,90,CA,1557708120,100,70.47,-68.59,23.0,5.82
347,mount isa,0,AU,1557707400,28,-20.73,139.49,71.6,10.29
348,zalantun,100,CN,1557709701,60,48.0,122.72,50.86,12.73
349,karratha,0,AU,1557709702,18,-20.74,116.85,71.38,11.16
350,diourbel,0,SN,1557705600,73,14.65,-16.23,77.0,6.93
351,camacupa,1,AO,1557709446,65,-12.02,17.48,58.42,2.28
352,mengcheng,95,CN,1557709706,65,33.26,116.57,70.66,14.67
353,yangjiang,63,CN,1557709241,70,21.85,111.96,84.99,3.51
354,bilma,0,NE,1557709708,10,18.69,12.92,82.54,7.07
355,gondar,0,PT,1557709601,55,41.82,-8.78,71.01,6.17
356,mezen,34,RU,1557709711,85,65.85,44.24,47.98,5.08
357,half moon bay,90,US,1557709649,82,37.46,-122.43,71.01,6.93
358,trapani,40,IT,1557709665,67,38.02,12.54,64.0,8.05
359,zhigansk,12,RU,1557709714,85,66.77,123.37,29.62,9.69
360,wawa,86,NG,1557709716,46,9.9,4.41,88.84,7.7
361,tototlan,40,MX,1557704820,10,20.55,-102.8,86.0,26.4
362,airai,35,TL,1557709718,72,-8.93,125.41,79.3,5.48
363,trat,75,TH,1557709641,83,12.25,102.51,84.99,5.82
364,rajur,53,IN,1557709720,50,15.74,75.93,81.46,11.79
365,esperance,20,TT,1557709507,83,10.24,-61.45,82.99,12.75
366,pasni,0,PK,1557709723,54,25.26,63.48,82.72,2.48
367,yablonovo,5,RU,1557707400,100,50.85,37.36,53.6,6.71
368,mahebourg,66,MU,1557709444,83,-20.41,57.7,70.0,1.3
369,marsh harbour,1,BS,1557709479,82,26.54,-77.06,80.2,11.56
370,careiro da varzea,40,BR,1557709200,88,-3.2,-59.81,77.0,3.36
371,jumla,63,NP,1557709729,52,29.28,82.18,40.06,4.81
372,zacualpa,40,GT,1557709293,80,15.1,-90.9,61.0,1.99
373,shirakawa,20,JP,1557709405,66,37.12,140.24,61.0,2.24
374,lisakovsk,16,KZ,1557709732,51,52.55,62.49,67.06,3.98
375,khasan,78,RU,1557709734,86,42.43,130.64,51.76,6.35
376,xucheng,100,CN,1557709735,65,33.0,118.51,74.26,3.29
377,daru,100,SL,1557709736,90,7.99,-10.85,76.6,2.19
378,paamiut,29,GL,1557709737,57,61.99,-49.67,40.42,5.84
379,greeley,40,US,1557709731,18,40.42,-104.71,75.0,3.87
380,inverness,33,GB,1557709505,100,57.48,-4.23,48.99,1.12
381,alta floresta,62,BR,1557709741,75,-9.87,-56.08,76.42,2.19
382,alofi,0,NU,1557705600,61,-19.06,-169.92,80.6,13.87
383,majene,74,ID,1557709734,74,-3.54,118.97,83.98,15.7
384,mehamn,100,NO,1557709745,97,71.03,27.85,37.54,4.5
385,houston,1,US,1557709452,57,29.76,-95.37,75.99,6.49
386,japura,92,ID,1557709747,86,-0.42,102.29,76.96,1.99
387,inzer,3,RU,1557709748,76,54.22,57.56,59.32,3.74
388,upata,84,VE,1557709357,88,8.02,-62.41,78.01,5.99
389,bubaque,2,GW,1557709751,77,11.28,-15.83,79.12,18.7
390,candelaria,75,CO,1557705600,69,3.41,-76.35,78.8,8.05
391,nicoya,75,CR,1557709318,100,10.15,-85.45,73.0,4.7
392,coihaique,75,CL,1557705600,75,-45.58,-72.07,41.0,4.7
393,viamao,75,BR,1557709687,82,-30.08,-51.02,66.2,5.82
394,eureka,75,US,1557709633,81,40.8,-124.16,57.0,11.41
395,tessalit,0,ML,1557709758,6,20.2,1.01,90.82,6.06
396,eirunepe,93,BR,1557709749,96,-6.66,-69.87,75.88,1.99
397,fajardo,20,CU,1557709384,70,22.83,-82.45,84.2,4.7
398,murray bridge,27,AU,1557709755,63,-35.12,139.28,63.0,5.01
399,kahului,40,US,1557709466,61,20.89,-156.47,84.2,14.99
400,richards bay,0,ZA,1557709764,75,-28.77,32.06,69.76,16.87
401,sevlievo,99,BG,1557709757,71,43.03,25.1,59.0,8.05
402,smidovich,49,RU,1557709767,42,48.6,133.81,65.62,8.88
403,constitucion,5,MX,1557709217,8,23.99,-104.67,75.2,24.16
404,uige,58,AO,1557709769,81,-7.61,15.06,69.04,1.68
405,omboue,100,GA,1557709770,86,-1.57,9.26,81.46,7.96
406,kashary,28,RU,1557709772,91,49.04,41.01,51.22,8.68
407,udachnyy,90,RU,1557707400,100,66.42,112.4,28.4,6.71
408,sainte-anne-des-monts,18,CA,1557709774,78,49.13,-66.49,40.6,3.4
409,trabzon,75,TR,1557708600,87,41.01,39.72,59.0,5.82
410,tefe,100,BR,1557709739,98,-3.35,-64.71,76.06,1.1
411,tura,8,IN,1557709777,90,25.52,90.21,77.5,11.54
412,schiffdorf,0,DE,1557709758,81,53.54,8.66,42.8,8.05
413,verkhnyaya inta,99,RU,1557709780,76,65.99,60.32,38.26,9.84
414,los llanos de aridane,15,ES,1557709566,72,28.66,-17.92,68.0,6.93
415,alacranes,40,CU,1557705000,78,22.77,-81.57,80.6,4.7
416,ternate,40,PH,1557709717,79,14.29,120.72,90.0,4.7
417,kamina,86,CD,1557709785,77,-8.74,25.0,66.7,4.21
418,muroto,75,JP,1557705600,60,33.37,134.14,71.6,2.24
419,buckeye,1,US,1557709682,28,33.37,-112.58,84.99,5.82
420,konza,75,KE,1557705600,93,-1.74,37.13,64.4,8.05
421,argentan,0,FR,1557709295,75,48.74,-0.02,45.0,3.36
422,dakoro,24,NE,1557709791,15,14.51,6.76,95.5,6.8
423,nadym,8,RU,1557709792,96,65.53,72.51,15.94,9.82
424,yerbogachen,1,RU,1557709793,73,61.28,108.01,35.92,5.53
425,van buren,90,US,1557709639,43,47.16,-67.94,51.8,6.93
426,tadine,63,NC,1557709796,78,-21.55,167.88,76.96,13.91
427,kajaani,90,FI,1557706800,75,64.22,27.73,42.8,13.87
428,barcelos,0,PT,1557709624,45,41.53,-8.62,71.01,3.36
429,axim,100,GH,1557709799,81,4.87,-2.24,81.64,4.54
430,kamenka,100,RU,1557709376,59,53.19,44.05,64.99,8.21
431,svay rieng,57,KH,1557709802,78,11.08,105.8,83.62,9.57
432,deer lake,75,CA,1557705600,69,49.18,-57.43,39.2,4.7
433,nyurba,100,RU,1557709804,69,63.29,118.35,44.38,7.27
434,cockburn town,0,TC,1557709557,86,21.46,-71.14,80.2,13.04
435,asuncion,75,PY,1557705600,82,-25.3,-57.63,59.0,10.29
436,andijon,40,UZ,1557709797,48,40.76,72.37,66.2,6.71
437,koslan,74,RU,1557709809,77,63.46,48.9,56.8,6.78
438,gamba,22,CN,1557709810,61,28.28,88.52,28.54,3.89
439,port-gentil,97,GA,1557709811,84,-0.72,8.78,81.64,6.58
440,pasighat,100,IN,1557709812,98,28.06,95.33,63.46,3.27
441,natal,40,BR,1557709200,83,-5.81,-35.21,78.8,6.93
442,xining,18,CN,1557709815,32,36.62,101.77,44.56,2.01
443,college,75,US,1557709804,28,64.86,-147.8,59.0,3.91
444,sayat,0,TM,1557705600,42,38.78,63.88,68.0,4.7
445,huinan,100,CN,1557709818,78,42.68,126.04,54.46,15.28
446,litovko,73,RU,1557709819,40,49.24,135.18,69.22,3.76
447,port lincoln,100,AU,1557709821,68,-34.72,135.86,62.02,18.1
448,dwarka,9,IN,1557709202,39,28.58,77.04,91.99,2.82
449,general pico,0,AR,1557709823,45,-35.66,-63.75,62.56,6.26
450,sioux lookout,75,CA,1557707280,87,50.1,-91.92,55.4,4.7
451,san cristobal,75,EC,1557709302,87,-0.39,-78.55,59.0,8.05
452,kenai,75,US,1557709624,66,60.55,-151.26,50.0,6.93
453,chanute,1,US,1557709283,51,37.68,-95.46,69.8,9.82
454,yar-sale,31,RU,1557709829,91,66.83,70.83,17.92,7.7
455,abonnema,75,NG,1557705600,94,4.71,6.79,73.4,3.36
456,yorkton,1,CA,1557705600,27,51.21,-102.46,64.4,8.05
457,ilebo,100,CD,1557709832,90,-4.33,20.59,73.18,1.74
458,west melbourne,75,US,1557709809,88,28.07,-80.65,75.99,8.05
459,fortuna,0,ES,1557709818,87,38.18,-1.13,63.0,1.12
460,ucluelet,75,CA,1557709653,82,48.94,-125.55,66.0,10.29
461,erzin,0,TR,1557709796,63,36.95,36.2,62.01,3.36
462,ekpoma,51,NG,1557709838,94,6.74,6.14,76.06,3.85
463,scarborough,5,GB,1557709810,81,54.28,-0.41,46.99,4.7
464,laguna,5,MX,1557704640,26,27.52,-110.01,80.6,16.11
465,duldurga,100,RU,1557709842,26,50.67,113.59,46.36,8.16
466,lusambo,100,CD,1557709843,84,-4.97,23.44,73.18,1.81
467,nouadhibou,75,MR,1557705600,82,20.93,-17.03,64.4,13.87
468,svetlogorsk,20,RU,1557707400,81,53.14,59.15,53.6,8.95
469,chicama,75,PE,1557705600,88,-7.84,-79.15,69.8,12.75
470,neftcala,0,AZ,1557709848,92,39.37,49.25,61.84,2.17
471,seymchan,27,RU,1557709849,53,62.93,152.39,39.7,19.53
472,puksoozero,47,RU,1557709850,84,62.59,40.61,48.88,3.22
473,brus laguna,0,HN,1557709852,80,15.75,-84.48,83.44,21.32
474,yebaishou,0,CN,1557709853,37,41.4,119.64,48.7,14.43
475,hirara,75,JP,1557705600,78,24.8,125.28,80.6,11.41
476,juneau,20,US,1557709647,47,58.3,-134.42,55.99,14.99
477,biak,82,ID,1557709856,91,-0.91,122.88,70.12,2.89
478,zhangye,0,CN,1557709857,21,38.94,100.46,53.02,6.11
479,killybegs,62,IE,1557709625,67,54.63,-8.45,46.99,7.0
480,chumikan,100,RU,1557709860,53,54.72,135.31,57.16,2.89
481,baisha,95,CN,1557709861,83,19.23,109.45,81.28,3.09
482,lasa,24,CY,1557709270,59,34.92,32.53,64.4,5.82
483,williamsburg,90,US,1557709839,88,37.27,-76.71,70.0,6.22
484,el alto,75,BO,1557705600,93,-16.5,-68.19,39.2,4.7
485,kuloy,97,RU,1557709866,78,61.03,42.49,54.1,4.45
486,rio gallegos,0,AR,1557705600,60,-51.62,-69.22,42.8,36.91
487,kurilsk,1,RU,1557709868,86,45.23,147.88,36.28,7.23
488,san rafael,0,AR,1557709870,26,-34.61,-68.33,64.72,7.87
489,vostok,1,RU,1557709871,33,46.45,135.83,69.76,3.49
490,somanda,88,TZ,1557709873,80,-3.37,33.95,67.6,8.79
491,saquarema,20,BR,1557705600,83,-22.93,-42.51,80.6,3.11
492,athens,90,US,1557709874,77,34.8,-86.97,68.0,6.93
493,makasar,20,ID,1557709864,74,-6.28,106.88,86.0,3.36
494,oranjestad,20,AW,1557705600,78,12.52,-70.03,82.4,21.92
495,sinegorskiy,89,RU,1557709879,93,48.01,40.84,52.12,7.56
496,san-pedro,100,CI,1557709880,98,4.75,-6.64,75.52,2.15
497,washougal,1,US,1557709859,40,45.58,-122.35,75.2,3.36
498,stuttgart,0,DE,1557709640,65,48.78,9.18,46.0,6.93
499,pundaguitan,1,PH,1557709884,73,6.37,126.17,82.54,4.7
500,redcliffe,25,GB,1557709865,61,51.45,-2.59,50.0,10.29
501,port macquarie,11,AU,1557709804,72,-31.43,152.91,71.01,5.82
502,ketchikan,1,US,1557705180,47,55.34,-131.65,60.8,20.8
503,moose factory,1,CA,1557705600,31,51.26,-80.61,60.8,12.75
504,vakhrushi,100,RU,1557709890,55,57.97,54.45,67.6,2.55
505,chara,75,GR,1557705000,93,39.42,22.43,60.8,4.7
506,morehead,90,US,1557709277,82,38.18,-83.43,59.0,3.36
507,angoche,1,MZ,1557709893,79,-16.23,39.91,69.58,5.23
508,hanna,34,CA,1557709743,33,51.64,-111.93,71.01,8.01
509,umaria,2,IN,1557709896,25,23.52,80.84,83.08,1.19
510,vao,61,EE,1557709897,89,59.1,26.19,40.42,2.89
511,brae,28,GB,1557706800,86,60.4,-1.35,44.6,8.05
512,penzance,30,GB,1557709685,81,50.12,-5.53,54.0,17.22
513,veraval,0,FR,1557709845,80,49.65,0.71,43.0,9.17
514,port hardy,75,CA,1557705600,71,50.7,-127.42,53.6,9.17
515,la ronge,75,CA,1557706740,62,55.1,-105.3,59.0,11.41
516,champerico,90,MX,1557705900,69,16.38,-93.6,77.0,6.93
517,quirinopolis,79,BR,1557709678,81,-18.45,-50.45,74.44,5.14
518,omsukchan,74,RU,1557709906,62,62.53,155.8,37.54,16.28
519,bagepalli,20,IN,1557707400,88,13.78,77.8,75.2,8.05
520,atasu,32,KZ,1557709909,52,48.68,71.64,53.74,6.6
521,kyshtovka,0,RU,1557709910,58,56.56,76.62,33.04,7.72
522,armidale,6,AU,1557709346,78,-30.51,151.67,54.0,8.01
523,sangar,91,RU,1557709913,56,63.92,127.47,47.26,10.71
524,kifri,0,IQ,1557709914,22,34.69,44.96,79.66,9.62
525,valdivia,0,CL,1557705600,100,-39.81,-73.25,48.2,3.36
526,puro,39,PH,1557709916,69,13.13,123.76,85.6,5.79
527,henties bay,0,NA,1557709917,59,-22.12,14.28,66.16,10.02
528,yuzhnyy,100,RU,1557709918,93,53.54,39.45,56.08,14.29
529,mildura,0,AU,1557709309,76,-34.18,142.16,60.01,8.05
530,batticaloa,77,LK,1557709921,87,7.71,81.69,75.88,2.77
531,belchatow,90,PL,1557709806,93,51.37,19.36,45.0,8.05
532,olutanga,99,PH,1557709923,71,7.31,122.85,83.98,3.74
533,springbok,59,ZA,1557709925,52,-29.67,17.88,64.72,2.73
534,ahipara,97,NZ,1557709681,84,-35.17,173.16,66.0,26.78
535,puerto baquerizo moreno,40,EC,1557705600,83,-0.9,-89.6,78.8,10.29
536,sabha,100,LY,1557709928,12,27.03,14.43,87.22,9.51
537,kiama,0,AU,1557709636,51,-34.67,150.86,69.01,9.17
538,shakawe,0,BW,1557709931,42,-18.36,21.84,59.86,4.92
539,dakar,40,SN,1557707400,88,14.69,-17.45,69.8,6.93
540,veinticinco de mayo,92,AR,1557709933,93,-27.38,-54.75,62.2,2.46
541,san lorenzo,75,PY,1557705600,82,-25.34,-57.51,59.0,10.29
542,esmeraldas,0,BR,1557705600,64,-19.76,-44.31,73.4,6.93
543,hays,1,US,1557709319,34,38.88,-99.33,68.0,8.05
544,palembang,88,ID,1557709938,95,-2.99,104.76,76.42,2.33
545,evensk,100,RU,1557709939,37,61.92,159.24,53.74,4.81
546,saiha,1,IN,1557709941,86,22.49,92.98,74.8,2.59
547,darhan,71,MN,1557709942,52,49.49,105.92,46.9,6.55
548,dalbandin,0,PK,1557709943,17,28.9,64.41,80.38,3.29
549,san felipe,0,CL,1557709927,51,-32.75,-70.73,57.99,1.01
550,avanigadda,40,IN,1557707400,89,16.02,80.92,84.2,10.71
551,jalu,4,LY,1557709947,25,29.03,21.55,76.06,6.96
552,edd,40,ER,1557709948,38,13.93,41.69,85.06,0.72
553,quartucciu,0,IT,1557709285,76,39.25,9.18,57.2,5.82
554,georgetown,40,GY,1557705600,78,6.8,-58.16,82.4,11.41
555,rosetta,0,EG,1557705600,64,31.4,30.42,68.0,3.36
556,charters towers,51,AU,1557709953,64,-20.07,146.27,71.92,15.01
557,aktau,0,KZ,1557707400,87,43.65,51.16,59.0,8.95
558,sarangani,4,PH,1557709956,74,5.4,125.46,82.9,3.13
559,stykkisholmur,90,IS,1557709957,68,65.08,-22.73,38.26,24.34
